Attendance bot: dev(Pavan:p2pdops@gmail.com) on 2021-08-11 : 10:17: https://meet.google.com/otr-gwpj-tqc				
				
Members present : 44 (Duplicates removed)			0,45,	
				
				
ALINE FERNANDES MORAES				
ANTONIA GISLAINE DOS SANTOS MENDES				
ANTONIO JARDESON DOS SANTOS COSTA				
CARLOS KAUE MENESES DE SOUSA				
ECTON CHIRLIANO DOS SANTOS ALVES				
FABIANO MENDES FURTADO JUNIOR				
FILIPE MOREIRA DE FREITAS				
FRANCISCA MACIELE ROCHA SOUSA				
IASMIM DE SOUZA ROCHA				
Isabel Santos				
JANNAYNA SAMILLA FERNANDES MOREIRA				
JOANA SAMIRES CARVALHO DA CRUZ				
JOAO BATISTA MARDEM CRUZ DE SOUSA				
JOAO EMANUEL CAETANO CUNHA				
JOEL SANTIAGO FEITOSA				
JOSE ANTONIO MENDONCA DA SILVA				
JOSE RODRIGUES DE SOUSA NETO				
JOSE VALDO RODRIGUES DA SILVA FILHO				
JULIA CORDEIRO BARROSO				
KAMYLLA LYVIA PINTO ANDRADE				
LETICIA JULIA BELARMINO				
LORENA BRIENA SOUSA DA SILVA				
LUIZ GABRIEL DA COSTA DO NASCIMENTO				
MAIZA ELLEN BARBOSA GOMES				
MARIA EDUARDA DOS SANTOS VIEIRA				
MARIA INGRID SOUSA DE OLIVEIRA				
MARIA LUIZA DA SILVA LIMA				
MARIA NATALIA PINTO NUNES				
MARIANA MATOS MELO				
MARIANNA ALMEIDA DE CARVALHO				
MATEUS HENRIQUE AVILA RIBEIRO				
MIRELLA LOPES TEIXEIRA				
PEDRO VICTOR DE SOUSA MOREIRA				
RAYSSA HELLEN QUINTO DA SILVA				
RODINEY LIMA GOMES				
TAIS EVILLY GOMES FERREIRA				
TAYNA DE SOUSA COSTA				
Tereza Maria Ferreira Vasconcelos				Madalena
VITORIA ELLEM MARQUES RODRIGUES				
Vit�ria Sales				
WILLIAN LOPES DOS SANTOS				
Yarley �vila				
